<?xml version="1.0" encoding="UTF-8" standalone="no"?>
<registration_data version="1.0">
   <environment>
      <hostname>monxp</hostname>
      <hostId/>
      <osName>Windows XP</osName>
      <osVersion>5.1</osVersion>
      <osArchitecture>x86</osArchitecture>
      <systemModel>Parallels Virtual Platform</systemModel>
      <systemManufacturer>Parallels Software International Inc.</systemManufacturer>
      <cpuManufacturer>GenuineIntel</cpuManufacturer>
      <serialNumber>Parallels-21 4B D6 CD 25 AF 41 E0 AA 79 6B 04 64 5E 8E 21</serialNumber>
   </environment>
   <registry urn="urn:st:51f8bdb2-af5c-441d-bf03-9b96b17779e8" version="1.0">
      <service_tag>
         <instance_urn>urn:st:c2100892-61ba-473e-a9e1-731c08239160</instance_urn>
         <product_name>Java SE 6 Development Kit</product_name>
         <product_version>1.6.0_15</product_version>
         <product_urn>urn:uuid:b58ef9a8-5ae8-11db-a023-080020a9ed93</product_urn>
         <product_parent_urn>urn:uuid:fdc90b21-018d-4cab-b866-612c7c119ed3</product_parent_urn>
         <product_parent>Java Platform Standard Edition 6 (Java SE 6)</product_parent>
         <product_defined_inst_id>id=1.6.0_15-b03 x86,dir=C:\jdk-1.6.0_15\jre</product_defined_inst_id>
         <product_vendor>Sun Microsystems</product_vendor>
         <platform_arch>x86</platform_arch>
         <timestamp>2009-08-12 18:41:25 GMT</timestamp>
         <container>global</container>
         <source>Windows JDK i586 installer</source>
         <installer_uid>-1</installer_uid>
      </service_tag>
   </registry>
</registration_data>
